first_name,middle_initial,last_name,home_state,birth_date,death_date,nickname,display_name
Donald,J,Trump,FL,"14-Jun-1946",,,Donald Trump
Michael,R,Pence,IN,"07-Jun-1959",,Mike,Mike Pence
Joseph,R,Biden,DE,"20-Nov-1942",,Joe,Joe Biden
Kamala,D,Harris,CA,"20-Oct-1964",,,Kamala Harris
Joanne,M,Jorgensen,SC,"01-May-1957",,Jo,Jo Jorgensen
Jeremy,,Cohen,SC,"28-Jun-1982",,Spike,Spike Cohen
Howard,G,Hawkins,NY,"08-Dec-1952",,Howie,Howie Hawkins
Angela,N,Walker,WI,"19-Jan-1974",,,Angela Walker
Gloria,E,La Riva,CA,"12-Aug-1954",,,Gloria La Riva
Sunil,,Freeman,MD,,,,Sunil Freeman
Eugene,,Puryear,DC,"28-Feb-1986",,,Eugene Puryear
Dennis,J,Banks,MN,"12-Apr-1937",,,Dennis Banks
Michael,J,Sobran,MI,"23-FEB-1946","30-SEP-2010",Joseph,Joseph Sobran
Donald,L,Blankenship,WV,"14-Mar-1950",,Don,Don Blankenship
Hillary,R,Clinton,NY,"26-Oct-1947",,,Hillary Clinton
Timothy,M,Kaine,VA,"26-Feb-1958",,Tim,Tim Kaine
Gary,E,Johnson,NM,"01-Jan-1953",,,Gary Johnson
William,F,Weld,MA,"31-Jul-1945",,Bill,Bill Weld
Roque,,de la Fuente,CA,"10-Oct-1954",,Rocky,Rocky de la Fuente
Darcy,G,Richardson,PA,"06-Dec-1955",,,Darcy Richardson
William,A,Mohr,MI,"23-May-1959",,Bill,Bill Mohr
Jill,E,Stein,MA,"14-May-1950",,,Jill Stein
Ajamu,S,Baraka,DC,"25-Oct-1953",,,Ajamu Baraka
Darrell,L,Castle,TN,"11-Oct-1948",,,Darrell Castle
Scott,N,Bradley,UT,"13-Sep-1951",,,Scott Bradley
David,E,McMullin,UT,"02-Apr-1976",,Evan,Evan McMullin
Mindy,,Finn,DC,"10-Feb-1981",,,Mindy Finn
Barack,H,Obama,IL,"04-Aug-1961",,,Barack Obama
Willard,M,Romney,UT,"12-Mar-1947",,Mitt,Mitt Romney
Paul,D,Ryan,WI,"29-Jan-1970",,,Paul Ryan
James,P,Gray,CA,"14-Feb-1945",,Jim,Jim Gray
Virgil,H,Goode,VA,"17-Oct-1946",,,Virgil Goode
James,N,Clymer,PA,"04-May-1948",,Jim,Jim Clymer
Ross,C,Anderson,UT,"09-Sep-1951",,Rocky,Rocky Anderson
Luis,J,Rodriguez,CA,,,,Luis Rodriguez
Peta,,Lindsay,PA,,,,Peta Lindsay
John,S,McCain,AZ,"29-Aug-1936","25-Aug-2018",,John McCain
Sarah,L,Palin,AK,"11-Feb-1964",,,Sarah Palin
Charles,O,Baldwin,MT,"03-May-1952",,Chuck,Chuck Baldwin
Cynthia,A,McKinney,GA,"17-Mar-1955",,,Cynthia McKinney
Rosa,A,Clemente,NY,"18-Apr-1972",,,Rosa Clemente
Robert,L,Barr,GA,"05-Nov-1948",,Bob,Bob Barr
Wayne,A,Root,NV,"20-Jul-1961",,,Wayne Alan Root
Ralph,,Nader,CT,"27-Feb-1934",,,Ralph Nader
Matthew,E,Gonzalez,CA,"04-Jun-1965",,Matt,Matt Gonzalez
Brian,P,Moore,FL,"08-Jun-1943",,,Brian Moore
Stewart,A,Alexander,CA,"01-Oct-1951",,,Stewart Alexander
George,W,Bush,TX,"06-Jul-1946",,,George W. Bush
Richard,B,Cheney,WY,"30-Jan-1941",,Dick,Dick Cheney
John,F,Kerry,MA,"11-Dec-1943",,,John Kerry
Johnny,R,Edwards,NC,"10-Jun-1953",,John,John Edwards
Michael,J,Badnarik,TX,"01-Aug-1954",,,Michael Badnarik
Richard,V,Campagna,IA,,,,Richard Campagna
Michael,A,Peroutka,MD,,,,Michael Peroutka
Peter,,Guanche,CA,"31-Dec-1939","13-Sep-2008",,Peter Camejo
Patricia,H,LaMarche,ME,"26-Nov-1960",,Pat,Pat LaMarche
David,K,Cobb,TX,,,,David Cobb
Albert,A,Gore,TN,"31-Mar-1948",,Al,Al Gore
Joseph,I,Lieberman,CT,"24-Feb-1942",,Joe,Joe Lieberman
Patrick,J,Buchanan,VA,"02-Nov-1938",,Pat,Pat Buchanan
Ezola,B,Foster,CA,"09-Aug-1938","22-May-2018",,Ezola Foster
Winona,,LaDuke,MN,"18-Aug-1959",,,Winona LaDuke
Harry,E,Browne,TN,"17-Jun-1933","01-Mar-2006",,Harry Browne
Arthur,C,Oliver,CA,"24-Aug-1957",,Art,Art Oliver
Howard,J,Phillips,VA,"03-Feb-1941","20-Aug-2013",,Howard Phillips
J,C,Frazier,MO,"11-Dec-1955",,Curtis,Curtis Frazier
Robert,C,Smith,NH,"30-Mar-1941",,Bob,Bob Smith
William,J,Clinton,AR,"19-Aug-1946",,Bill,Bill Clinton
Robert,J,Dole,KS,"22-Jul-1923",,Bob,Bob Dole
Henry,R,Perot,TX,"27-Jun-1930","09-Jul-2019",Ross,Ross Perot
Jack,F,Kemp,NY,"13-Jul-1935","02-May-2009",,Jack Kemp
Pat,,Choate,TX,"27-Apr-1941",,,Pat Choate
John,S,Hagelin,IA,"09-Jun-1954",,,John Hagelin
Mike,,Tompkins,MA,,,,Mike Tompkins
George,HW,Bush,TX,"12-Jun-1924","20-Nov-2018",,George Bush
James,D,Quayle,IN,"04-Feb-1947",,Dan,Dan Quayle
James,B,Stockdale,CO,"23-Dec-1923","05-Jul-2005",,James Stockdale
Andre,V,Marrou,AK,"04-Dec-1938",,,Andre Marrou
Nancy,T,Lord,NV,"08-Feb-1952",,,Nancy Lord
Lenora,B,Fulani,NJ,"25-Apr-1950",,,Lenora Fulani
Maria,E,Munoz,CA,,,,Maria Munoz
Albion,W,Knight,MD,"01-Jun-1924","22-May-2012",,Albion Knight
Herbert,W,Titus,OR,"17-Oct-1937",,Herb,Herb Titus
Michael,S,Dukakis,MA,"03-Nov-1933",,,Michael Dukakis
Lloyd,M,Bentsen,TX,"11-Feb-1921","23-May-2006",,Loyd Bentsen
Ronald,E,Paul,TX,"20-Aug-1935",,Ron,Ron Paul
Joyce,,Dattner,CA,,,,Joyce Dattner
Willa,,Kenoyer,MI,"13-Dec-1933",,,Willa Kenoyer
Ron,,Ehrenreich,NY,,,,Ron Ehrenreich
David,E,Duke,LA,"01-Jul-1950",,,David Duke
Cheri,L,Honkala,PA,"12-Jan-1963",,,Cheri Honkala
Yari,,Osorio,NY,"",,,Yari Osorio
Amos,N,Goldhaber,CA,,,Nat,Nat Goldhaber
James,G,Gritz,ID,"18-Jan-1939",,Bo,Bo Gritz
Lyndon,H,LaRouche,NH,"08-Sep-1922","12-Feb-2019",,Lyndon LaRouche
James,L,Bevel,MS,"19-Oct-1936","19-Dec-2008",,James Bevel
James,,Warren,IL,,,Mac,Mac Warren
Kathleen,,Mickells,PA,,,,Kathleen Mickells
Willie,M,Reid,IL,,,,Willie Mae Reid
John,Q,Brisben,IL,"06-Sep-1934","17-Apr-2012",J,J. Quinn Brisben
Barbara,,Garson,NY,"07-Jul-1941",,,Barbara Garson
Mary,C,Hollis,CO,,,,Mary Cal Hollis
Eric,T,Chester,MA,"06-Aug-1943",,,Eric Chester
David,E,McReynolds,NY,"25-Oct-1929","17-Aug-2018",,David McReynolds
Walter,F,Brown,OR,"28-Jul-1926",,Walt,Walt Brown
Mary,A,Herbert,VT,"28-Feb-1935",,Mal,Mal Herbert
Alejandro,,Mendoza,TX,"25-Apr-1977",,Alex,Alex Mendoza
Emidio,,Soltysik,CA,"30-Oct-1974","28-Jun-2020",Mimi,Mimi Soltysik
Kanye,O,West,IL,"08-Jun-1977",,,Kanye West
Michelle,,Tidball,WY,,,,Michelle Tidball
N/A,,N/A,,,,,Other
